Date,Ticker,Name,Action,CIK
"September 8, 2016",CHTR,Charter Communications,Added,
"September 8, 2016",EMC,EMC Corporation,Removed,
"September 6, 2016",MTD,Mettler Toledo,Added,
"September 6, 2016",TYC,Tyco International,Removed,
"September 5, 2012",LYB,LyondellBasell,Added,
"September 5, 2012",SHLD,Sears Holdings,Removed,
"September 30, 2016",COTY,Coty Inc,Added,
"September 30, 2016",DO,Diamond Offshore Drilling,Removed,
"September 28, 2009",ARG,Airgas,Added,
"September 28, 2009",CBE,Cooper Industries,Removed,
"September 27, 2007",MXIM,Maxim Integrated Products,Removed,
"September 27, 2007",TSO,Tesoro Corporation,Added,
"September 26, 2019",JEF,Jefferies Financial Group,Removed,
"September 26, 2019",NVR,NVR Inc,Added,
"September 26, 2007",FDC,First Data,Removed,
"September 26, 2007",ICE,Intercontinental Exchange,Added,
"September 25, 2003",ESRX,Express Scripts,Added,
"September 25, 2003",QTRN,Quintiles Transnational,Removed,
"September 23, 2019",CDW,CDW,Added,
"September 23, 2019",TSS,TSYS,Removed,
"September 23, 2011",MOS,The Mosaic Company,Added,
"September 23, 2011",NSM,National Semiconductor,Removed,
"September 22, 2016",COO,The Cooper Companies,Added,
"September 22, 2016",HOT,Starwood,Removed,
"September 21, 2020",COTY,Coty,Removed,
"September 21, 2020",CTLT,Catalent,Added,
"September 21, 2020",ETSY,Etsy,Added,
"September 21, 2020",HRB,H&R Block,Removed,
"September 21, 2020",KSS,Kohl's,Removed,
"September 21, 2020",TER,Teradyne,Added,
"September 20, 2021",BRO,Brown & Brown,Added,
"September 20, 2021",CDAY,Ceridian,Added,
"September 20, 2021",MTCH,Match Group,Added,
"September 20, 2021",NOV,Nov,Removed,
"September 20, 2021",PRGO,Perrigo,Removed,
"September 20, 2021",UNM,Unum,Removed,
"September 20, 2014",BTU,Peabody Energy,Removed,
"September 20, 2014",GHC,Graham Holdings,Removed,
"September 20, 2014",UHS,Universal Health Services,Added,
"September 20, 2014",URI,United Rentals,Added,
"September 20, 2013",AMD,Advanced Micro Devices,Removed,
"September 20, 2013",AME,Ametek,Added,
"September 20, 2013",SAI,SAIC,Removed,
"September 20, 2013",VRTX,Vertex Pharmaceuticals,Added,
"September 2, 2015",HSP,Hospira,Removed,
"September 2, 2015",UAL,United Continental Holdings,Added,
"September 19, 2022",CSGP,CoStar Group,Added,
"September 19, 2022",INVH,Invitation Homes,Added,
"September 19, 2022",PENN,Penn Entertainment,Removed,
"September 19, 2022",PVH,PVH,Removed,
"September 18, 2017",CDNS,Cadence Design Systems,Added,
"September 18, 2017",SPLS,Staples,Removed,
"September 18, 2015",CMCSK,Comcast Class K Special,Added,
"September 18, 2015",FOX,Twenty-First Century Fox Class B,Added,
"September 18, 2015",NWS,News Corporation Class B,Added,
"September 16, 2008",HRS,Harris Corporation,Added,
"September 16, 2008",LEH,Lehman Brothers,Removed,
"September 14, 2018",WCG,WellCare,Added,
"September 14, 2018",XL,XL Group,Removed,
"September 12, 2008",CRM,Salesforce,Added,
"September 12, 2008",FAST,Fastenal,Added,
"September 12, 2008",FNM,Fannie Mae,Removed,
"September 12, 2008",FRE,Freddie Mac,Removed,
"September 10, 2013",BMC,BMC Software,Removed,
"September 10, 2013",DAL,Delta Air Lines,Added,
"September 1, 2017",DD,DuPont,Removed,
"September 1, 2017",DOW,Dow Chemical Company,Removed,
"September 1, 2017",DWDP,DowDuPont Inc.,Added,
"September 1, 2017",SBAC,SBA Communications,Added,
"October 9, 2020",VNT,Vontier,Added,
"October 7, 2020",ETFC,E-Trade,Removed,
"October 7, 2020",POOL,Pool Corporation,Added,
"October 7, 2015",JOY,Joy Global,Removed,
"October 7, 2015",VRSK,Verisk Analytics,Added,
"October 31, 2011",ITT,ITT,Removed,
"October 31, 2011",XYL,Xylem,Added,
"October 3, 2022",CTXS,Citrix Systems,Removed,
"October 3, 2022",DRE,Duke Realty,Removed,
"October 3, 2022",EQT,EQT,Added,
"October 3, 2022",PCG,PG&E,Added,
"October 3, 2019",LVS,Las Vegas Sands,Added,
"October 3, 2019",NKTR,Nektar Therapeutics,Removed,
"October 29, 2013",DELL,Dell,Removed,
"October 29, 2013",RIG,Transocean,Added,
"October 26, 2007",AV,Avaya,Removed,
"October 26, 2007",JEC,Jacobs Engineering Group,Added,
"October 2, 2012",ANR,Alpha Natural Resources,Removed,
"October 2, 2012",KRFT,Kraft Foods,Added,
"October 2, 2007",EXPE,Expedia,Added,
"October 2, 2007",SLR,Solectron,Removed,
"October 14, 2011",CEPH,Cephalon,Removed,
"October 14, 2011",TEL,TE Connectivity,Added,
"October 13, 2017",LVLT,Level 3 Communications,Removed,
"October 13, 2017",NCLH,Norwegian Cruise Line Holdings,Added,
"October 12, 2022",NLSN,Nielsen Holdings,Removed,
"October 12, 2022",TRGP,Targa Resources,Added,
"October 12, 2020",NBL,Noble Energy,Removed,
"October 11, 2018",EVHC,Envision Healthcare,Removed,
"October 11, 2018",FTNT,Fortinet,Added,
"October 10, 2012",PETM,PetSmart,Added,
"October 10, 2012",SUN,Sunoco,Removed,
"October 1, 2018",ANDV,Andeavor,Removed,
"October 1, 2018",ROL,Rollins Inc,Added,
"October 1, 2012",ADT,ADT,Added,
"October 1, 2012",DV,DeVry,Removed,
"October 1, 2012",LXK,Lexmark,Removed,
"October 1, 2012",PNR,Pentair,Added,
"October 1, 2007",NCR,NCR Corporation,Removed,
"October 1, 2007",TDC,Teradata,Added,
"November 6, 2018",CA,CA Technologies,Removed,
"November 6, 2018",KEYS,Keysight,Added,
"November 5, 2014",JBL,Jabil Circuit,Removed,
"November 5, 2014",LVLT,Level 3 Communications,Added,
"November 3, 2009",PCLN,Priceline.com,Added,
"November 3, 2009",SGP,Schering-Plough,Removed,
"November 21, 2019",CELG,Celgene,Removed,
"November 21, 2019",NOW,ServiceNow,Added,
"November 2, 2015",HCBK,Hudson City Bancorp,Removed,
"November 2, 2015",HPE,Hewlett Packard Enterprise,Added,
"November 19, 2015",ILMN,Illumina,Added,
"November 19, 2015",SIAL,Sigma-Aldrich,Removed,
"November 18, 2015",GNW,Genworth Financial,Removed,
"November 18, 2015",SYF,Synchrony Financial,Added,
"November 18, 2011",CBE,Cooper Industries,Added,
"November 18, 2011",JNS,Janus Capital Group,Removed,
"November 18, 2005",AMZN,Amazon,Added,
"November 18, 2005",T,AT&T Corporation,Removed,
"November 17, 2010",IR,Ingersoll-Rand,Added,
"November 17, 2010",PTV,Pactiv,Removed,
"November 13, 2018",EQT,EQT,Removed,
"November 13, 2018",JKHY,Jack Henry & Associates,Added,
"November 13, 2013",KORS,Michael Kors,Added,
"November 13, 2013",NYX,NYSE Euronext,Removed,
"November 1, 2022",ACGL,Arch Capital Group,Added,
"November 1, 2022",TWTR,Twitter,Removed,
"November 1, 2016",AA,Alcoa Inc,Removed,
"November 1, 2016",ARNC,Arconic Inc,Added,
"May 8, 2014",AVGO,Avago Technologies,Added,
"May 8, 2014",LSI,LSI Corporation,Removed,
"May 8, 2013",CVH,Coventry Health Care,Removed,
"May 8, 2013",MAC,Macerich,Added,
"May 4, 2023",AXON,Axon Enterprise,Added,
"May 4, 2023",FRC,First Republic Bank,Removed,
"May 31, 2018",ABMD,Abiomed,Added,
"May 31, 2018",WYN,Wyndham Worldwide,Removed,
"May 31, 2016",AJG,Arthur J. Gallagher & Co.,Added,
"May 31, 2016",CCE,Coca-Cola Enterprises,Removed,
"May 3, 2016",ADT,ADT,Removed,
"May 3, 2016",AYI,Acuity Brands,Added,
"May 23, 2016",ARG,Airgas,Removed,
"May 23, 2016",LKQ,LKQ Corporation,Added,
"May 23, 2013",DF,Dean Foods,Removed,
"May 23, 2013",KSU,Kansas City Southern,Added,
"May 22, 2020",HP,Helmerich & Payne,Removed,
"May 22, 2020",WST,West Pharmaceutical Services,Added,
"May 21, 2012",ALXN,Alexion Pharmaceuticals,Added,
"May 21, 2012",MMI,Motorola Mobility,Removed,
"May 18, 2016",DLR,Digital Realty,Added,
"May 18, 2016",TWC,Time Warner Cable,Removed,
"May 17, 2012",EP,El Paso Corporation,Removed,
"May 17, 2012",KMI,Kinder Morgan,Added,
"May 14, 2021",CRL,Charles River Laboratories,Added,
"May 14, 2021",FLIR,FLIR Systems,Removed,
"May 13, 2016",ALK,Alaska Air Group,Added,
"May 13, 2016",SNDK,SanDisk,Removed,
"May 12, 2020",AGN,Allergan,Removed,
"May 12, 2020",CPRI,Capri Holdings,Removed,
"May 12, 2020",DPZ,Domino's Pizza,Added,
"May 12, 2020",DXCM,Dexcom,Added,
"May 1, 2014",BEAM,Beam Inc,Removed,
"May 1, 2014",NAVI,Navient,Added,
"May 1, 2014",SLM,SLM Corporation,Removed,
"May 1, 2014",UA,Under Armour (Class A),Added,
"March 7, 2018",IPGP,IPG Photonics,Added,
"March 7, 2018",SNI,Scripps Networks Interactive,Removed,
"March 7, 2016",GMCR,Keurig Green Mountain,Removed,
"March 7, 2016",UDR,UDR Inc,Added,
"March 4, 2016",AWK,American Water Works,Added,
"March 4, 2016",CNX,Consol Energy,Removed,
"March 31, 2011",EW,Edwards Lifesciences,Added,
"March 31, 2011",Q,Qwest Communications,Removed,
"March 30, 2016",CNC,Centene Corporation,Added,
"March 30, 2016",ESV,Ensco,Removed,
"March 30, 2016",HOLX,Hologic,Added,
"March 30, 2016",POM,Pepco Holdings,Removed,
"March 30, 2007",KFT,Kraft Foods,Added,
"March 30, 2007",TSG,Sabre Corporation,Removed,
"March 3, 2009",ACAS,American Capital,Removed,
"March 3, 2009",HRL,Hormel Foods,Added,
"March 3, 2009",JNY,Jones Apparel Group,Removed,
"March 3, 2009",VTR,Ventas,Added,
"March 23, 2015",AAL,American Airlines Group,Added,
"March 23, 2015",AGN,Allergan,Removed,
"March 23, 2015",AVP,Avon Products,Removed,
"March 23, 2015",DNR,Denbury Resources,Removed,
"March 23, 2015",EQIX,Equinix,Added,
"March 23, 2015",HBI,Hanesbrands,Added,
"March 23, 2015",NBR,Nabors Industries,Removed,
"March 23, 2015",SLG,SL Green Realty,Added,
"March 22, 2021",CZR,Caesars Entertainment,Added,
"March 22, 2021",FLS,Flowserve,Removed,
"March 22, 2021",GNRC,Generac Holdings,Added,
"March 22, 2021",NXPI,NXP,Added,
"March 22, 2021",PENN,Penn National Gaming,Added,
"March 22, 2021",SLG,SL Green Realty,Removed,
"March 22, 2021",VNT,Vontier,Removed,
"March 22, 2021",XRX,Xerox,Removed,
"March 21, 2014",GMCR,Keurig Green Mountain,Added,
"March 21, 2014",WPX,WPX Energy,Removed,
"March 20, 2023",FICO,Fair Isaac,Added,
"March 20, 2023",LUMN,Lumen Technologies,Removed,
"March 20, 2017",AMD,Advanced Micro Devices,Added,
"March 20, 2017",ARE,Alexandria Real Estate Equities,Added,
"March 20, 2017",FSLR,First Solar,Removed,
"March 20, 2017",FTR,Frontier Communications,Removed,
"March 20, 2017",RJF,Raymond James Financial,Added,
"March 20, 2017",URBN,Urban Outfitters,Removed,
"March 2, 2022",INFO,IHS Markit,Removed,
"March 2, 2022",MOH,Molina Healthcare,Added,
"March 2, 2020",IR,Ingersoll Rand,Added,
"March 2, 2020",XEC,Cimarex Energy,Removed,
"March 2, 2017",ENDP,Endo International,Removed,
"March 2, 2017",REG,Regency Centers,Added,
"March 19, 2018",CHK,Chesapeake Energy,Removed,
"March 19, 2018",NKTR,Nektar Therapeutics,Added,
"March 19, 2018",PDCO,Patterson Companies,Removed,
"March 19, 2018",SIG,Signet Jewelers,Removed,
"March 19, 2018",SIVB,SVB Financial Group,Added,
"March 19, 2018",TTWO,Take-Two Interactive,Added,
"March 18, 2015",CFN,Carefusion,Removed,
"March 18, 2015",HSIC,Henry Schein,Added,
"March 16, 2017",HAR,Harman International,Removed,
"March 16, 2017",SNPS,Synopsys,Added,
"March 15, 2023",BG,Bunge Limited,Added,
"March 15, 2023",PODD,Insulet,Added,
"March 15, 2023",SBNY,Signature Bank,Removed,
"March 15, 2023",SIVB,SVB Financial Group,Removed,
"March 13, 2017",DISH,Dish Network,Added,
"March 13, 2017",LLTC,Linear Technology,Removed,
"March 13, 2012",CCI,Crown Castle,Added,
"March 13, 2012",CEG,Constellation Energy Group,Removed,
"March 12, 2015",PETM,PetSmart,Removed,
"March 12, 2015",SWKS,Skyworks,Added,
"March 1, 2017",CBOE,Cboe Holdings,Added,
"March 1, 2017",PBI,Pitney Bowes,Removed,
"June 9, 1999",HPH,Harnischfeger Industries,Removed,
"June 9, 1999",WLP,Wellpoint,Added,
"June 8, 2022",CERN,Cerner,Removed,
"June 8, 2022",VICI,Vici Properties,Added,
"June 7, 2019",BMS,Bemis,Added,
"June 7, 2019",MAT,Mattel,Removed,
"June 7, 2018",MON,Monsanto,Removed,
"June 7, 2018",TWTR,Twitter,Added,
"June 7, 2000",SBUX,Starbucks,Added,
"June 7, 2000",SMS,Shared Medical Systems,Removed,
"June 6, 2013",GM,General Motors,Added,
"June 6, 2013",HNZ,Heinz,Removed,
"June 5, 2018",EVRG,Evergy,Added,
"June 5, 2018",NAVI,Navient,Removed,
"June 5, 2012",LRCX,Lam Research,Added,
"June 5, 2012",NVLS,Novellus Systems,Removed,
"June 5, 2009",COV,Covidien,Removed,
"June 5, 2009",FTI,FMC Technologies,Added,
"June 4, 2021",HFC,HollyFrontier,Removed,
"June 30, 2011",MPC,Marathon Oil,Added,
"June 30, 2011",RSH,RadioShack,Removed,
"June 30, 2010",QEP,QEP Resources,Added,
"June 30, 2010",STR,Questar,Removed,
"June 3, 2021",OGN,Organon & Co.,Added,
"June 3, 2019",CTVA,Corteva,Added,
"June 3, 2019",DD,DuPont,Added,
"June 3, 2019",DWDP,DowDuPont Inc.,Removed,
"June 3, 2019",FLR,Fluor Corporation,Removed,
"June 3, 2016",BXLT,Baxalta,Removed,
"June 3, 2016",TDG,TransDigm Group,Added,
"June 29, 2012",MNST,Monster Beverage,Added,
"June 29, 2012",SLE,Sara Lee Corporation,Removed,
"June 28, 2010",KMX,CarMax,Added,
"June 28, 2010",XTO,XTO Energy,Removed,
"June 23, 2008",BC,Brunswick,Removed,
"June 23, 2008",COG,Cabot Oil & Gas,Added,
"June 23, 2008",MEE,Massey Energy,Added,
"June 23, 2008",OMX,OfficeMax,Removed,
"June 22, 2020",ADS,Alliance Data Systems,Removed,
"June 22, 2020",BIO,Bio-Rad Laboratories,Added,
"June 22, 2020",HOG,Harley-Davidson,Removed,
"June 22, 2020",JWN,Nordstrom,Removed,
"June 22, 2020",TDY,Teledyne,Added,
"June 22, 2020",TYL,Tyler Technologies,Added,
"June 22, 2016",CVC,Cablevision Systems,Removed,
"June 22, 2016",FBHS,Fortune Brands Home & Security,Added,
"June 21, 2022",IPGP,IPG Photonics,Removed,
"June 21, 2022",KDP,Keurig Dr Pepper,Added,
"June 21, 2022",ON,ON Semiconductor,Added,
"June 21, 2022",UA,Under Armour,Removed,
"June 21, 2022",UAA,Under Armour,Removed,
"June 21, 2013",FHN,First Horizon,Removed,
"June 21, 2013",ZTS,Zoetis,Added,
"June 20, 2023",DISH,Dish Network,Removed,
"June 20, 2023",PANW,Palo Alto Networks,Added,
"June 20, 2018",FLT,FleetCor Technologies,Added,
"June 20, 2018",TWX,Time Warner,Removed,
"June 20, 2014",IGT,International Game Technology,Removed,
"June 20, 2014",XEC,Cimarex Energy,Added,
"June 2, 2017",INFO,IHS Markit,Added,
"June 2, 2017",TGNA,Tegna,Removed,
"June 2, 2006",ABS,Albertsons,Removed,
"June 2, 2006",JNPR,Juniper Networks,Added,
"June 19, 2017",ALGN,Align Technology,Added,
"June 19, 2017",ANSS,Ansys,Added,
"June 19, 2017",HLT,Hilton,Added,
"June 19, 2017",MJN,Mead Johnson,Removed,
"June 19, 2017",R,Ryder System,Removed,
"June 19, 2017",RE,Everest Re,Added,
"June 19, 2017",TDC,Teradata,Removed,
"June 19, 2017",YHOO,Yahoo!,Removed,
"June 18, 2018",AYI,Acuity Brands,Removed,
"June 18, 2018",BR,Broadridge Financial Solutions,Added,
"June 18, 2018",HFC,HollyFrontier,Added,
"June 18, 2018",RRC,Range Resources,Removed,
"June 17, 1997",CCI,Countrywide Credit Industries,Added,
"June 17, 1997",USL,USLife,Removed,
"June 12, 2000",CVG,Convergys,Added,
"June 12, 2000",TMC,Times Mirror,Removed,
"June 11, 2019",AMCR,Amcor,Added,
"June 11, 2019",BMS,Bemis,Removed,
"June 11, 2015",LO,Lorillard Tobacco Company,Removed,
"June 11, 2015",QRVO,Qorvo,Added,
"June 10, 2008",ABK,Ambac Financial,Removed,
"June 10, 2008",LO,Lorillard Tobacco Company,Added,
"June 1, 2011",ANR,Alpha Natural Resources,Added,
"June 1, 2011",MEE,Massey Energy,Removed,
"July 8, 2015",AAP,Advance Auto Parts,Added,
"July 8, 2015",FDO,Family Dollar,Removed,
"July 8, 2013",NLSN,Nielsen Holdings,Added,
"July 8, 2013",S,Sprint Nextel,Removed,
"July 6, 2015",KHC,Kraft Heinz,Added,
"July 6, 2015",KRFT,Kraft Foods,Removed,
"July 5, 2016",CPGX,Columbia Pipeline Group,Removed,
"July 5, 2016",FTV,Fortive Corp,Added,
"July 5, 2011",ACN,Accenture,Added,
"July 5, 2011",MI,Marshall & Ilsley,Removed,
"July 31, 2012",ESV,Ensco,Added,
"July 31, 2012",GR,Goodrich Corporation,Removed,
"July 29, 2015",DTV,DirecTV,Removed,
"July 29, 2015",SIG,Signet Jewelers,Added,
"July 27, 2000",JDSU,JDS Uniphase,Added,
"July 27, 2000",RAD,RiteAid,Removed,
"July 26, 2017",AOS,A. O. Smith,Added,
"July 26, 2017",BBBY,Bed Bath & Beyond,Removed,
"July 26, 2017",DRE,Duke Realty Corp,Added,
"July 26, 2017",MGM,MGM Resorts International,Added,
"July 26, 2017",MNK,Mallinckrodt,Removed,
"July 26, 2017",MUR,Murphy Oil,Removed,
"July 26, 2017",PKG,Packaging Corporation of America,Added,
"July 26, 2017",RAI,Reynolds American,Removed,
"July 26, 2017",RIG,Transocean,Removed,
"July 26, 2017",RMD,ResMed,Added,
"July 21, 2021",ALXN,Alexion Pharmaceuticals,Removed,
"July 21, 2021",MRNA,Moderna,Added,
"July 20, 2015",NE,Noble Corporation,Removed,
"July 20, 2015",PYPL,PayPal,Added,
"July 2, 2018",CPRT,Copart,Added,
"July 2, 2018",DPS,Dr Pepper Snapple Group,Removed,
"July 2, 2015",ATI,Allegheny Technologies,Removed,
"July 2, 2015",CPGX,Columbia Pipeline Group,Added,
"July 2, 2014",MLM,Martin Marietta,Added,
"July 2, 2014",X,United States Steel,Removed,
"July 2, 2012",PGN,Progress Energy,Removed,
"July 2, 2012",STX,Seagate Technology,Added,
"July 2, 2007",DFS,Discover Financial Services,Added,
"July 15, 2019",RHT,Red Hat,Removed,
"July 15, 2019",TMUS,T-Mobile US,Added,
"July 14, 2010",CB,Chubb,Added,
"July 14, 2010",MIL,Millipore,Removed,
"July 1, 2019",LLL,L3 Technologies,Removed,
"July 1, 2019",MKTX,MarketAxess,Added,
"July 1, 2016",ALB,Albemarle Corporation,Added,
"July 1, 2016",GAS,AGL Resources,Removed,
"July 1, 2016",LNT,Alliant Energy Corp,Added,
"July 1, 2016",TE,TECO Energy,Removed,
"July 1, 2015",BXLT,Baxalta,Added,
"July 1, 2015",JBHT,J.B. Hunt,Added,
"July 1, 2015",QEP,QEP Resources,Removed,
"July 1, 2015",TEG,Integrys Energy Group,Removed,
"July 1, 2014",AMG,Affiliated Managers Group,Added,
"July 1, 2014",FRX,Forest Laboratories,Removed,
"July 1, 2013",APOL,Apollo Education Group,Removed,
"July 1, 2013",NWSA,21st Century Fox,Added,
"July 1, 2008",AKS,AK Steel,Added,
"July 1, 2008",CFC,Countrywide Financial Corp,Removed,
"July 1, 2005",GLK,Great Lakes Chemical,Removed,
"July 1, 2005",STZ,Constellation Brands,Added,
"January 7, 2021",ENPH,Enphase Energy,Added,
"January 7, 2021",TIF,Tiffany & Co,Removed,
"January 5, 2023",VNO,Vornado Realty Trust,Removed,
"January 5, 2017",IDXX,Idexx Laboratories,Added,
"January 5, 2017",STJ,St Jude Medical,Removed,
"January 5, 2016",FOSL,Fossil Group,Removed,
"January 5, 2016",WLTW,Willis Towers Watson,Added,
"January 4, 2023",GEHC,GE HealthCare,Added,
"January 3, 2018",BCR,CR Bard,Removed,
"January 3, 2018",HII,Huntington Ingalls Industries,Added,
"January 28, 2020",PAYC,Paycom,Added,
"January 28, 2020",WCG,WellCare,Removed,
"January 27, 2015",COV,Covidien,Removed,
"January 27, 2015",ENDP,Endo International,Added,
"January 27, 2015",HCA,HCA Holdings,Added,
"January 27, 2015",SWY,Safeway,Removed,
"January 24, 2014",LIFE,Life Technologies,Removed,
"January 24, 2014",TSCO,Tractor Supply,Added,
"January 21, 2021",CXO,Concho Resources,Removed,
"January 21, 2021",TRMB,Trimble Inc,Added,
"January 2, 2019",FRC,First Republic Bank,Added,
"January 2, 2019",SCG,SCANA,Removed,
"January 2, 2013",ABBV,AbbVie,Added,
"January 2, 2013",FII,Federated Investors,Removed,
"January 19, 2016",ACE,Chubb,Removed,
"January 19, 2016",EXR,Extra Space Storage,Added,
"January 18, 2019",PCG,Pacific Gas & Electric Company,Removed,
"January 18, 2019",TFX,Teleflex,Added,
"January 10, 2007",AVB,AvalonBay Communities,Added,
"January 10, 2007",SBL,Symbol Technologies,Removed,
"February 3, 2022",GPS,Gap Inc.,Removed,
"February 28, 2017",INCY,Incyte,Added,
"February 28, 2017",SE,Spectra Energy,Removed,
"February 28, 2011",COV,Covidien,Added,
"February 28, 2011",MFE,McAfee,Removed,
"February 27, 2019",GT,The Goodyear Tire & Rubber Company,Removed,
"February 27, 2019",WAB,Wabtec,Added,
"February 26, 2010",HP,Helmerich & Payne,Added,
"February 26, 2010",RX,IMS Health,Removed,
"February 25, 2011",AYE,Allegheny Energy,Removed,
"February 25, 2011",JOYG,Joy Global,Added,
"February 22, 2016",CXO,Concho Resources,Added,
"February 22, 2016",PCL,Plum Creek Timber,Removed,
"February 2, 2022",CEG,Constellation Energy,Added,
"February 15, 2022",NDSN,Nordson Corporation,Added,
"February 15, 2022",XLNX,Xilinx,Removed,
"February 15, 2019",ATO,Atmos Energy,Added,
"February 15, 2019",NFX,Newfield Exploration,Removed,
"February 15, 2013",BIG,Big Lots,Removed,
"February 15, 2013",PVH,PVH,Added,
"February 12, 2021",FTI,TechnipFMC,Removed,
"February 12, 2021",MPWR,Monolithic Power Systems,Added,
"February 1, 2016",BRCM,Broadcom Corporation,Removed,
"February 1, 2016",CFG,Citizens,Added,
"February 1, 2016",FRT,Federal Realty Investment Trust,Added,
"February 1, 2016",PCP,Precision Castparts Corporation,Removed,
"December 9, 2019",ODFL,Old Dominion Freight Line,Added,
"December 9, 2019",STI,SunTrust Banks,Removed,
"December 7, 1999",LDW,Laidlaw,Removed,
"December 7, 1999",YHOO,Yahoo!,Added,
"December 5, 2019",VIAB,Viacom,Removed,
"December 5, 2019",WRB,W. R. Berkley Corporation,Added,
"December 5, 2014",BMS,Bemis Company,Removed,
"December 5, 2014",RCL,Royal Caribbean Cruises,Added,
"December 5, 2000",ABK,Ambac Financial,Added,
"December 5, 2000",AYE,Allegheny Energy,Added,
"December 5, 2000",BS,Bethlehem Steel,Removed,
"December 5, 2000",CCK,Crown Holdings,Removed,
"December 5, 2000",GRA,WR Grace,Removed,
"December 5, 2000",INTU,Intuit,Added,
"December 5, 2000",OI,Owens-Illinois,Removed,
"December 5, 2000",SBL,Symbol Technologies,Added,
"December 31, 2011",CPWR,Compuware,Removed,
"December 31, 2011",WPX,WPX Energy,Added,
"December 31, 2008",OI,Owens-Illinois,Added,
"December 31, 2008",WB,Wachovia Bank,Removed,
"December 3, 2018",AET,Aetna,Removed,
"December 3, 2018",COL,Rockwell Collins,Removed,
"December 3, 2018",FANG,Diamondback Energy,Added,
"December 3, 2018",LW,Lamb Weston,Added,
"December 3, 2018",MXIM,Maxim Integrated,Added,
"December 3, 2018",SRCL,Stericycle,Removed,
"December 3, 2012",CBE,Cooper Industries,Removed,
"December 3, 2012",DG,Dollar General,Added,
"December 29, 2015",ALTR,Altera,Removed,
"December 29, 2015",CHD,Church & Dwight,Added,
"December 24, 2018",CE,Celanese,Added,
"December 24, 2018",ESRX,Express Scripts,Removed,
"December 23, 2019",AMG,Affiliated Managers Group,Removed,
"December 23, 2019",LYV,Live Nation Entertainment,Added,
"December 23, 2019",MAC,Macerich,Removed,
"December 23, 2019",STE,Steris,Added,
"December 23, 2019",TRIP,TripAdvisor,Removed,
"December 23, 2019",ZBRA,Zebra Technologies,Added,
"December 23, 2013",ADS,Alliance Data Systems,Added,
"December 23, 2013",ANF,Abercrombie & Fitch,Removed,
"December 23, 2013",FB,Facebook,Added,
"December 23, 2013",JDSU,JDS Uniphase,Removed,
"December 23, 2013",MHK,Mohawk Industries,Added,
"December 23, 2013",TER,Teradyne,Removed,
"December 22, 2022",ABMD,Abiomed,Removed,
"December 22, 2022",STLD,Steel Dynamics,Added,
"December 21, 2020",AIV,Apartment Investment & Management,Removed,
"December 21, 2020",TSLA,Tesla Inc,Added,
"December 21, 2012",DLPH,Delphi Automotive,Added,
"December 21, 2012",TIE,Titanium Metals,Removed,
"December 20, 2021",FDS,FactSet,Added,
"December 20, 2021",HBI,Hanesbrands,Removed,
"December 20, 2021",LEG,Leggett & Platt,Removed,
"December 20, 2021",SBNY,Signature Bank,Added,
"December 20, 2021",SEDG,SolarEdge,Added,
"December 20, 2021",WU,Western Union,Removed,
"December 20, 2011",TLAB,Tellabs,Removed,
"December 20, 2011",TRIP,TripAdvisor,Added,
"December 20, 2007",RRC,Range Resources,Added,
"December 20, 2007",TRB,Tribune Media,Removed,
"December 2, 2016",EVHC,Envision Healthcare,Added,
"December 2, 2016",LM,Legg Mason,Removed,
"December 2, 2016",MAA,Mid-America Apartments,Added,
"December 2, 2016",OI,Owens-Illinois,Removed,
"December 2, 2013",ALLE,Allegion,Added,
"December 2, 2013",JCP,JCPenney,Removed,
"December 19, 2022",FBHS,Fortune Brands Home & Security,Removed,
"December 19, 2022",FSLR,First Solar,Added,
"December 19, 2022",MBC,MasterBrand,Removed,
"December 18, 2009",CIEN,Ciena,Removed,
"December 18, 2009",CLF,Cliffs Natural Resources,Added,
"December 18, 2009",CVG,Convergys,Removed,
"December 18, 2009",DYN,Dynegy,Removed,
"December 18, 2009",KBH,KB Home,Removed,
"December 18, 2009",MBI,MBIA,Removed,
"December 18, 2009",MJN,Mead Johnson Nutrition,Added,
"December 18, 2009",ROST,Ross Stores,Added,
"December 18, 2009",SAI,SAIC,Added,
"December 18, 2009",V,Visa,Added,
"December 17, 2010",CVC,Cablevision,Added,
"December 17, 2010",EK,Eastman Kodak,Removed,
"December 17, 2010",FFIV,F5 Networks,Added,
"December 17, 2010",KG,King Pharmaceuticals,Removed,
"December 17, 2010",NFLX,Netflix,Added,
"December 17, 2010",NFX,Newfield Exploration,Added,
"December 17, 2010",NYT,The New York Times Company,Removed,
"December 17, 2010",ODP,Office Depot,Removed,
"December 16, 2011",AKS,AK Steel,Removed,
"December 16, 2011",BWA,BorgWarner,Added,
"December 16, 2011",DLTR,Dollar Tree,Added,
"December 16, 2011",MWW,Monster Worldwide,Removed,
"December 16, 2011",PRGO,Perrigo,Added,
"December 16, 2011",WFR,MEMC Electronic Materials,Removed,
"December 15, 2022",MBC,MasterBrand,Added,
"December 15, 2015",CMCSK,Comcast K Corp,Removed,
"December 14, 2021",EPAM,EPAM Systems,Added,
"December 14, 2021",KSU,Kansas City Southern,Removed,
"December 13, 2007",DJ,Dow Jones,Removed,
"December 13, 2007",GME,GameStop,Added,
"December 12, 2011",GAS,AGL Resources.,Added,
"December 12, 2011",GAS,Nicor Gas,Removed,
"December 11, 2012",GRMN,Garmin,Added,
"December 11, 2012",RRD,RR Donnelley,Removed,
"December 11, 1998",CCL,Carnival Corp.,Added,
"December 11, 1998",CPWR,Compuware,Added,
"December 11, 1998",FSR,Firstar,Added,
"December 11, 1998",GRN,General Re,Removed,
"December 11, 1998",LDW,Amoco,Removed,
"December 11, 1998",SUN,SunAmerica,Removed,
"December 10, 2013",GGP,General Growth Properties,Added,
"December 10, 2013",MOLX,Molex,Removed,
"December 1, 2015",CSC,Computer Sciences Corporation,Removed,
"December 1, 2015",CSRA,CSRA,Added,
"August 9, 2019",APC,Anadarko Petroleum,Removed,
"August 9, 2019",FL,Foot Locker,Removed,
"August 9, 2019",IEX,IDEX Corporation,Added,
"August 9, 2019",LDOS,Leidos,Added,
"August 8, 2017",AN,AutoNation,Removed,
"August 8, 2017",BHF,Brighthouse Financial,Added,
"August 6, 2014",DISCK,Discovery Communications,Added,
"August 30, 2021",MXIM,Maxim Integrated,Removed,
"August 30, 2021",TECH,Bio-Techne,Added,
"August 29, 2017",Q,QuintilesIMS,Added,
"August 29, 2017",WFM,Whole Foods Market,Removed,
"August 28, 2018",ANET,Arista Networks,Added,
"August 28, 2018",GGP,GGP,Removed,
"August 28, 2015",ATVI,Activision Blizzard,Added,
"August 28, 2015",PLL,Pall Corporation,Removed,
"August 26, 2010",SII,Smith International,Removed,
"August 26, 2010",TYC,Tyco International,Added,
"August 24, 2007",KSE,KeySpan,Removed,
"August 24, 2007",LUK,Leucadia National,Added,
"August 19, 2009",CTX,Centex Corp.,Removed,
"August 19, 2009",FMC,FMC Corporation,Added,
"August 18, 2014",MNK,Mallinckrodt,Added,
"August 18, 2014",RDC,Rowan Companies,Removed,
"April 8, 2016",UA,Under Armour (Class C),Added,
"April 7, 2015",O,Realty Income Corporation,Added,
"April 7, 2015",WIN,Windstream Communications,Removed,
"April 6, 2020",M,Macy's,Removed,
"April 6, 2020",RTN,Raytheon Company,Removed,
"April 5, 2017",DNB,Dun & Bradstreet,Removed,
"April 5, 2017",IT,Gartner,Added,
"April 4, 2022",CPT,Camden Property Trust,Added,
"April 4, 2022",PBCT,People's United Financial,Removed,
"April 4, 2018",CSRA,CSRA,Removed,
"April 4, 2018",MSCI,MSCI,Added,
"April 4, 2017",DXC,DXC Technology,Added,
"April 4, 2017",SWN,Southwestern Energy,Removed,
"April 4, 2016",CAM,Cameron International,Removed,
"April 4, 2016",FL,Foot Locker,Added,
"April 30, 2013",PCS,MetroPCS,Removed,
"April 30, 2013",REGN,Regeneron Pharmaceuticals,Added,
"April 3, 2020",CARR,Carrier,Added,
"April 3, 2020",OTIS,Otis Worldwide,Added,
"April 3, 2014",GOOGL,Google,Added,
"April 3, 2012",FOSL,Fossil,Added,
"April 3, 2012",MHS,Medco Health Solutions,Removed,
"April 29, 2010",BJS,BJ Services,Removed,
"April 29, 2010",CERN,Cerner,Added,
"April 27, 2011",CMG,Chipotle Mexican Grill,Added,
"April 27, 2011",NOVL,Novell,Removed,
"April 25, 2016",GME,GameStop,Removed,
"April 25, 2016",GPN,Global Payments,Added,
"April 23, 2012",PSX,Phillips 66,Added,
"April 23, 2012",SVU,Supervalu,Removed,
"April 20, 2021",PTC,PTC,Added,
"April 20, 2021",VAR,Varian Medical Systems,Removed,
"April 2, 2019",BHF,Brighthouse Financial,Removed,
"April 2, 2019",DOW,Dow Inc.,Added,
"April 2, 2014",CLF,Cliffs Natural Resources,Removed,
"April 2, 2014",ESS,Essex Property Trust,Added,
"April 18, 2016",THC,Tenet Healthcare,Removed,
"April 18, 2016",ULTA,Ulta Beauty,Added,
"April 1, 2020",ARNC,Arconic,Removed,
"April 1, 2020",HWM,Howmet Aerospace,Added,
"April 1, 2011",BLK,BlackRock,Added,
"April 1, 2011",GENZ,Genzyme,Removed,
2022-04-11 00:00:00,WBD,Warner Bros. Discovery,Added,0001437107
2017-08-29 00:00:00,IQV,IQVIA,Added,0001478242
2017-07-07 00:00:00,BKR,Baker Hughes,Added,0001701605
2016-01-05 00:00:00,WTW,Willis Towers Watson,Added,0001140536
2013-12-23 00:00:00,META,Meta Platforms,Added,0001326801
2013-07-01 00:00:00,FOXA,Fox Corporation (Class A),Added,0001754301
2012-12-24 00:00:00,APTV,Aptiv,Added,0001521332
2012-10-02 00:00:00,MDLZ,Mondelez International,Added,0001103982
2010-11-17 00:00:00,TT,Trane Technologies,Added,0001466258
2010-08-27 00:00:00,JCI,Johnson Controls,Added,0000833444
2010-03-15 00:00:00,OKE,ONEOK,Added,0001039684
2010-02-16 00:00:00,BRK.B,Berkshire Hathaway,Added,0001067983
2010-01-29 00:00:00,NRG,NRG Energy,Added,0001013871
2009-12-23 00:00:00,ROP,Roper Technologies,Added,0000882835
2009-11-06 00:00:00,BKNG,Booking Holdings,Added,0001075531
2009-07-01 00:00:00,PWR,Quanta Services,Added,0001050915
2009-07-01 00:00:00,WDC,Western Digital,Added,0000106040
2009-03-27 00:00:00,ORLY,O'Reilly Auto Parts,Added,0000898173
2009-01-30 00:00:00,WELL,Welltower,Added,0000766704
2009-01-06 00:00:00,IRM,Iron Mountain,Added,0001020569
2008-12-05 00:00:00,RSG,Republic Services,Added,0001060391
2008-11-14 00:00:00,WYNN,Wynn Resorts,Added,0001174922
2008-11-14 00:00:00,XRAY,Dentsply Sirona,Added,0000818479
2008-11-06 00:00:00,SJM,J.M. Smucker Company (The),Added,0000091419
2008-10-31 00:00:00,WEC,WEC Energy Group,Added,0000783325
2008-10-22 00:00:00,NDAQ,"Nasdaq, Inc.",Added,0001120193
2008-09-30 00:00:00,APH,Amphenol,Added,0000820313
2008-09-24 00:00:00,PXD,Pioneer Natural Resources,Added,0001038357
2008-09-22 00:00:00,LHX,L3Harris,Added,0000202058
2008-08-27 00:00:00,CF,CF Industries,Added,0001324404
2008-08-21 00:00:00,IVZ,Invesco,Added,0000914208
2008-07-31 00:00:00,DVA,DaVita Inc.,Added,0000927066
2008-07-18 00:00:00,MA,Mastercard,Added,0001141391
2008-06-23 00:00:00,CTRA,Coterra,Added,0000858470
2008-06-02 00:00:00,ISRG,Intuitive Surgical,Added,0001035267
2008-03-31 00:00:00,PEAK,Healthpeak,Added,0000765880
2008-03-31 00:00:00,PM,Philip Morris International,Added,0001413329
2007-11-19 00:00:00,AMT,American Tower,Added,0001053507
2007-10-26 00:00:00,J,Jacobs Solutions,Added,0000052988
2007-10-10 00:00:00,EXPD,Expeditors International,Added,0000746515
2007-09-07 00:00:00,MCHP,Microchip Technology,Added,0000827054
2007-07-12 00:00:00,AKAM,Akamai,Added,0001086222
2007-04-10 00:00:00,AIZ,Assurant,Added,0001267238
2007-03-20 00:00:00,HST,Host Hotels & Resorts,Added,0001070750
2007-03-02 00:00:00,CHRW,C.H. Robinson,Added,0001043277
2007-02-02 00:00:00,RL,Ralph Lauren Corporation,Added,0001037038
2006-11-17 00:00:00,CTSH,Cognizant,Added,0001058290
2006-11-10 00:00:00,CBRE,CBRE Group,Added,0001138118
2006-11-10 00:00:00,FIS,FIS,Added,0001136893
2006-08-11 00:00:00,CME,CME Group,Added,0001156375
2006-04-04 00:00:00,KIM,Kimco Realty,Added,0000879101
2006-04-03 00:00:00,BXP,Boston Properties,Added,0001037540
2006-04-03 00:00:00,GOOG,Alphabet Inc. (Class C),Added,0001652044
2006-02-01 00:00:00,VRSN,Verisign,Added,0001014473
2006-01-05 00:00:00,EL,Estée Lauder Companies (The),Added,0001001250
2005-10-04 00:00:00,LEN,Lennar,Added,0000920760
2005-10-03 00:00:00,AMP,Ameriprise Financial,Added,0000820027
2005-08-19 00:00:00,PSA,Public Storage,Added,0001393311
2005-08-10 00:00:00,TSN,Tyson Foods,Added,0000100493
2005-06-22 00:00:00,DHI,D.R. Horton,Added,0000882184
2004-11-01 00:00:00,LH,LabCorp,Added,0000920148
2004-09-01 00:00:00,TPR,"Tapestry, Inc.",Added,0001116132
2004-08-03 00:00:00,TMO,Thermo Fisher Scientific,Added,0000097745
2004-07-01 00:00:00,GILD,Gilead Sciences,Added,0000882095
2004-04-23 00:00:00,VTRS,Viatris,Added,0001792044
2004-02-23 00:00:00,MTB,M&T Bank,Added,0000036270
2003-11-13 00:00:00,BIIB,Biogen,Added,0000875045
2003-07-17 00:00:00,PLD,Prologis,Added,0001045609
2003-03-25 00:00:00,GEN,Gen Digital,Added,0000849399
2003-03-20 00:00:00,MKC,McCormick & Company,Added,0000063754
2003-03-14 00:00:00,STT,State Street Corporation,Added,0000093751
2002-12-20 00:00:00,VLO,Valero Energy,Added,0001035002
2002-12-12 00:00:00,DGX,Quest Diagnostics,Added,0001022079
2002-11-19 00:00:00,CMCSA,Comcast,Added,0001166691
2002-08-21 00:00:00,TRV,Travelers Companies (The),Added,0000086312
2002-07-25 00:00:00,ELV,Elevance Health,Added,0001156039
2002-07-22 00:00:00,EA,Electronic Arts,Added,0000712515
2002-07-22 00:00:00,EBAY,eBay,Added,0001065088
2002-07-22 00:00:00,GS,Goldman Sachs,Added,0000886982
2002-07-22 00:00:00,PFG,Principal Financial Group,Added,0001126328
2002-07-22 00:00:00,PRU,Prudential Financial,Added,0001137774
2002-07-22 00:00:00,UPS,United Parcel Service,Added,0001090727
2002-06-26 00:00:00,SPG,Simon Property Group,Added,0001063761
2002-01-02 00:00:00,WAT,Waters Corporation,Added,0001000697
2001-12-03 00:00:00,EQR,Equity Residential,Added,0000906107
2001-11-30 00:00:00,NVDA,Nvidia,Added,0001045810
2001-10-01 00:00:00,PPL,PPL Corporation,Added,0000922224
2001-08-30 00:00:00,ABC,AmerisourceBergen,Added,0001140859
2001-08-07 00:00:00,ZBH,Zimmer Biomet,Added,0001136869
2001-06-22 00:00:00,ZION,Zions Bancorporation,Added,0000109380
2001-04-02 00:00:00,FI,Fiserv,Added,0000798354
2001-03-01 00:00:00,CTAS,Cintas,Added,0000723254
2000-12-12 00:00:00,SYK,Stryker Corporation,Added,0000310764
2000-12-11 00:00:00,MET,MetLife,Added,0001099219
2000-12-05 00:00:00,RHI,Robert Half,Added,0000315213
2000-11-02 00:00:00,EOG,EOG Resources,Added,0000821189
2000-11-02 00:00:00,NI,NiSource,Added,0001111711
2000-08-30 00:00:00,DVN,Devon Energy,Added,0001090012
2000-06-05 00:00:00,A,Agilent Technologies,Added,0001090872
1999-10-12 00:00:00,ADI,Analog Devices,Added,0000006281
1999-10-04 00:00:00,PNW,Pinnacle West,Added,0000764622
1999-07-22 00:00:00,QCOM,Qualcomm,Added,0000804328
1999-06-30 00:00:00,VMC,Vulcan Materials Company,Added,0001396009
1999-06-29 00:00:00,BBY,Best Buy,Added,0000764478
1999-06-25 00:00:00,NTAP,NetApp,Added,0001002047
1999-05-28 00:00:00,AFL,Aflac,Added,0000004977
1999-01-13 00:00:00,MCK,McKesson,Added,0000927653
1998-11-18 00:00:00,DHR,Danaher Corporation,Added,0000313616
1998-10-02 00:00:00,AES,AES Corporation,Added,0000874761
1998-10-01 00:00:00,PAYX,Paychex,Added,0000723531
1998-08-28 00:00:00,RF,Regions Financial Corporation,Added,0001281761
1998-07-01 00:00:00,COF,Capital One,Added,0000927628
1998-07-01 00:00:00,MCO,Moody's Corporation,Added,0001059556
1998-05-29 00:00:00,MAR,Marriott International,Added,0001048286
1998-04-30 00:00:00,BEN,Franklin Templeton,Added,0000038777
1998-01-30 00:00:00,NTRS,Northern Trust,Added,0000073124
1997-12-31 00:00:00,OMC,Omnicom Group,Added,0000029989
1997-12-18 00:00:00,CINF,Cincinnati Financial,Added,0000020286
1997-12-04 00:00:00,TFC,Truist,Added,0000092230
1997-11-28 00:00:00,FE,FirstEnergy,Added,0001031296
1997-10-06 00:00:00,YUM,Yum! Brands,Added,0001041061
1997-09-30 00:00:00,KLAC,KLA Corporation,Added,0000319201
1997-08-28 00:00:00,HBAN,Huntington Bancshares,Added,0000049196
1997-08-04 00:00:00,PGR,Progressive Corporation,Added,0000080661
1997-07-28 00:00:00,APA,APA Corporation,Added,0001841666
1997-06-19 00:00:00,EFX,Equifax,Added,0000033185
1997-06-02 00:00:00,SCHW,Charles Schwab Corporation,Added,0000316709
1997-05-27 00:00:00,CAH,Cardinal Health,Added,0000721371
1997-05-05 00:00:00,ADBE,Adobe Inc.,Added,0000796343
1997-01-02 00:00:00,AZO,AutoZone,Added,0000866787
1996-04-23 00:00:00,AON,Aon,Added,0000315293
1996-03-29 00:00:00,FITB,Fifth Third Bank,Added,0000035527
1995-12-01 00:00:00,CMA,Comerica,Added,0000028412
1995-07-13 00:00:00,ALL,Allstate,Added,0000899051
1995-05-31 00:00:00,DRI,Darden Restaurants,Added,0000940944
1995-05-31 00:00:00,L,Loews Corporation,Added,0000060086
1995-03-31 00:00:00,BK,BNY Mellon,Added,0001390777
1995-03-16 00:00:00,AMAT,Applied Materials,Added,0000006951
1995-02-27 00:00:00,GLW,Corning Inc.,Added,0000024741
1995-02-24 00:00:00,BSX,Boston Scientific,Added,0000885725
1994-09-30 00:00:00,PARA,Paramount Global,Added,0000813828
1994-09-27 00:00:00,MU,Micron Technology,Added,0000723125
1994-07-01 00:00:00,LUV,Southwest Airlines,Added,0000092380
1994-07-01 00:00:00,UNH,UnitedHealth Group,Added,0000731766
1994-06-01 00:00:00,MSFT,Microsoft,Added,0000789019
1994-03-01 00:00:00,KEY,KeyCorp,Added,0000091576
1994-01-01 00:00:00,EMN,Eastman Chemical Company,Added,0000915389
1993-12-01 00:00:00,CSCO,Cisco,Added,0000858877
1993-10-01 00:00:00,COST,Costco,Added,0000909832
1993-07-29 00:00:00,MS,Morgan Stanley,Added,0000895421
1992-10-01 00:00:00,IPG,Interpublic Group of Companies (The),Added,0000051644
1992-07-01 00:00:00,LIN,Linde plc,Added,0001707925
1992-01-02 00:00:00,AMGN,Amgen,Added,0000318154
1991-09-19 00:00:00,AEE,Ameren,Added,0001002910
1989-12-01 00:00:00,ADSK,Autodesk,Added,0000769397
1989-09-11 00:00:00,K,Kellogg's,Added,0000055067
1989-08-31 00:00:00,ORCL,Oracle Corporation,Added,0001341439
1989-04-30 00:00:00,GL,Globe Life,Added,0000320335
1989-04-30 00:00:00,NWL,Newell Brands,Added,0000814453
1989-01-31 00:00:00,ECL,Ecolab,Added,0000031462
1988-11-30 00:00:00,NKE,"Nike, Inc.",Added,0000320187
1988-05-31 00:00:00,C,Citigroup,Added,0000831001
1988-04-30 00:00:00,PNC,PNC Financial Services,Added,0000713676
1988-03-31 00:00:00,HD,Home Depot (The),Added,0000354950
1987-12-31 00:00:00,AVY,Avery Dennison,Added,0000008818
1987-08-31 00:00:00,MMC,Marsh McLennan,Added,0000062709
1986-12-31 00:00:00,SYY,Sysco,Added,0000096021
1986-10-31 00:00:00,MDT,Medtronic,Added,0001613103
1986-02-28 00:00:00,ITW,Illinois Tool Works,Added,0000049826
1985-11-30 00:00:00,PH,Parker Hannifin,Added,0000076334
1985-10-31 00:00:00,DOV,Dover Corporation,Added,0000029905
1985-09-30 00:00:00,TJX,TJX Companies,Added,0000109198
1985-07-31 00:00:00,CNP,CenterPoint Energy,Added,0001130310
1985-05-31 00:00:00,RVTY,Revvity,Added,0000031791
1985-04-30 00:00:00,APD,Air Products and Chemicals,Added,0000002969
1985-04-30 00:00:00,NUE,Nucor,Added,0000073309
1984-10-31 00:00:00,BALL,Ball Corporation,Added,0000009389
1984-09-30 00:00:00,HAS,Hasbro,Added,0000046080
1984-05-31 00:00:00,HES,Hess Corporation,Added,0000004447
1984-04-30 00:00:00,PHM,PulteGroup,Added,0000822416
1984-02-29 00:00:00,LOW,Lowe's,Added,0000060667
1983-11-30 00:00:00,VZ,Verizon,Added,0000732712
1983-09-30 00:00:00,BBWI,"Bath & Body Works, Inc.",Added,0000701985
1983-08-31 00:00:00,CAG,Conagra Brands,Added,0000023217
1982-11-30 00:00:00,AAPL,Apple Inc.,Added,0000320193
1982-10-31 00:00:00,BF.B,Brown–Forman,Added,0000014693
1982-09-30 00:00:00,SNA,Snap-on,Added,0000091440
1982-09-30 00:00:00,SWK,Stanley Black & Decker,Added,0000093556
1982-08-31 00:00:00,WMT,Walmart,Added,0000104169
1981-06-30 00:00:00,GWW,W. W. Grainger,Added,0000277135
1981-06-30 00:00:00,MAS,Masco,Added,0000062996
1981-03-31 00:00:00,ADP,ADP,Added,0000008670
1980-12-31 00:00:00,FDX,FedEx,Added,0001048911
1980-12-31 00:00:00,PCAR,Paccar,Added,0000075362
1980-03-31 00:00:00,AIG,American International Group,Added,0000005272
1979-12-31 00:00:00,WBA,Walgreens Boots Alliance,Added,0001618921
1979-06-30 00:00:00,VFC,VF Corporation,Added,0000103379
1978-12-31 00:00:00,TXT,Textron,Added,0000217346
1976-12-31 00:00:00,INTC,Intel,Added,0000050863
1976-12-31 00:00:00,TGT,Target Corporation,Added,0000027419
1976-06-30 00:00:00,AXP,American Express,Added,0000004962
1976-06-30 00:00:00,BAC,Bank of America,Added,0000070858
1976-06-30 00:00:00,CI,Cigna,Added,0001739940
1976-06-30 00:00:00,DIS,Disney,Added,0001744489
1976-06-30 00:00:00,DUK,Duke Energy,Added,0001326160
1976-06-30 00:00:00,LNC,Lincoln Financial,Added,0000059558
1976-06-30 00:00:00,NEE,NextEra Energy,Added,0000753308
1976-06-30 00:00:00,TAP,Molson Coors Beverage Company,Added,0000024545
1976-06-30 00:00:00,WFC,Wells Fargo,Added,0000072971
1976-03-31 00:00:00,IFF,International Flavors & Fragrances,Added,0000051253
1975-06-30 00:00:00,JPM,JPMorgan Chase,Added,0000019617
1975-03-31 00:00:00,WMB,Williams Companies,Added,0000107263
1974-12-31 00:00:00,HPQ,HP Inc.,Added,0000047217
1973-12-31 00:00:00,GPC,Genuine Parts Company,Added,0000040987
1973-06-30 00:00:00,JNJ,Johnson & Johnson,Added,0000200406
1972-09-30 00:00:00,BAX,Baxter International,Added,0000010456
1972-09-30 00:00:00,BDX,Becton Dickinson,Added,0000010795
1970-12-31 00:00:00,LLY,Eli Lilly and Company,Added,0000059478
1970-06-30 00:00:00,MCD,McDonald's,Added,0000063908
1969-06-30 00:00:00,NEM,Newmont,Added,0001164727
1969-03-31 00:00:00,CLX,Clorox,Added,0000021076
1965-03-31 00:00:00,CMI,Cummins,Added,0000026172
1965-03-31 00:00:00,EMR,Emerson Electric,Added,0000032604
1964-06-30 00:00:00,SHW,Sherwin-Williams,Added,0000089800
1957-03-04 00:00:00,ABT,Abbott,Added,0000001800
1957-03-04 00:00:00,ADM,ADM,Added,0000007084
1957-03-04 00:00:00,AEP,American Electric Power,Added,0000004904
1957-03-04 00:00:00,BA,Boeing,Added,0000012927
1957-03-04 00:00:00,BMY,Bristol Myers Squibb,Added,0000014272
1957-03-04 00:00:00,CAT,Caterpillar Inc.,Added,0000018230
1957-03-04 00:00:00,CL,Colgate-Palmolive,Added,0000021665
1957-03-04 00:00:00,CMS,CMS Energy,Added,0000811156
1957-03-04 00:00:00,COP,ConocoPhillips,Added,0001163165
1957-03-04 00:00:00,CPB,Campbell Soup Company,Added,0000016732
1957-03-04 00:00:00,CSX,CSX,Added,0000277948
1957-03-04 00:00:00,CVS,CVS Health,Added,0000064803
1957-03-04 00:00:00,CVX,Chevron Corporation,Added,0000093410
1957-03-04 00:00:00,DE,John Deere,Added,0000315189
1957-03-04 00:00:00,DTE,DTE Energy,Added,0000936340
1957-03-04 00:00:00,ED,Consolidated Edison,Added,0001047862
1957-03-04 00:00:00,EIX,Edison International,Added,0000827052
1957-03-04 00:00:00,ETN,Eaton Corporation,Added,0001551182
1957-03-04 00:00:00,ETR,Entergy,Added,0000065984
1957-03-04 00:00:00,EXC,Exelon,Added,0001109357
1957-03-04 00:00:00,F,Ford Motor Company,Added,0000037996
1957-03-04 00:00:00,GD,General Dynamics,Added,0000040533
1957-03-04 00:00:00,GE,General Electric,Added,0000040545
1957-03-04 00:00:00,GIS,General Mills,Added,0000040704
1957-03-04 00:00:00,HAL,Halliburton,Added,0000045012
1957-03-04 00:00:00,HIG,Hartford (The),Added,0000874766
1957-03-04 00:00:00,HON,Honeywell,Added,0000773840
1957-03-04 00:00:00,HSY,Hershey's,Added,0000047111
1957-03-04 00:00:00,IBM,IBM,Added,0000051143
1957-03-04 00:00:00,IP,International Paper,Added,0000051434
1957-03-04 00:00:00,KMB,Kimberly-Clark,Added,0000055785
1957-03-04 00:00:00,KO,Coca-Cola Company (The),Added,0000021344
1957-03-04 00:00:00,KR,Kroger,Added,0000056873
1957-03-04 00:00:00,LMT,Lockheed Martin,Added,0000936468
1957-03-04 00:00:00,MMM,3M,Added,0000066740
1957-03-04 00:00:00,MO,Altria,Added,0000764180
1957-03-04 00:00:00,MRK,Merck & Co.,Added,0000310158
1957-03-04 00:00:00,MRO,Marathon Oil,Added,0000101778
1957-03-04 00:00:00,MSI,Motorola Solutions,Added,0000068505
1957-03-04 00:00:00,NOC,Northrop Grumman,Added,0001133421
1957-03-04 00:00:00,NSC,Norfolk Southern Railway,Added,0000702165
1957-03-04 00:00:00,OXY,Occidental Petroleum,Added,0000797468
1957-03-04 00:00:00,PEG,Public Service Enterprise Group,Added,0000788784
1957-03-04 00:00:00,PEP,PepsiCo,Added,0000077476
1957-03-04 00:00:00,PFE,Pfizer,Added,0000078003
1957-03-04 00:00:00,PG,Procter & Gamble,Added,0000080424
1957-03-04 00:00:00,PPG,PPG Industries,Added,0000079879
1957-03-04 00:00:00,RTX,Raytheon Technologies,Added,0000101829
1957-03-04 00:00:00,SEE,Sealed Air,Added,0001012100
1957-03-04 00:00:00,SLB,Schlumberger,Added,0000087347
1957-03-04 00:00:00,SO,Southern Company,Added,0000092122
1957-03-04 00:00:00,SPGI,S&P Global,Added,0000064040
1957-03-04 00:00:00,UNP,Union Pacific Corporation,Added,0000100885
1957-03-04 00:00:00,WRK,WestRock,Added,0001732845
1957-03-04 00:00:00,XEL,Xcel Energy,Added,0000072903
1957-03-04 00:00:00,XOM,ExxonMobil,Added,0000034088
1900-01-01 00:00:00,D,Dominion Energy,Added,0000715957
1900-01-01 00:00:00,ES,Eversource,Added,0000072741
1900-01-01 00:00:00,FCX,Freeport-McMoRan,Added,0000831259
1900-01-01 00:00:00,HUM,Humana,Added,0000049071
1900-01-01 00:00:00,ROK,Rockwell Automation,Added,0001024478
1900-01-01 00:00:00,SRE,Sempra Energy,Added,0001032208
1900-01-01 00:00:00,TROW,T. Rowe Price,Added,0001113169
1900-01-01 00:00:00,TXN,Texas Instruments,Added,0000097476
1900-01-01 00:00:00,USB,U.S. Bank,Added,0000036104
1900-01-01 00:00:00,WHR,Whirlpool Corporation,Added,0000106640
1900-01-01 00:00:00,WM,Waste Management,Added,0000823768
1900-01-01 00:00:00,WY,Weyerhaeuser,Added,0000106535
